CountryName,CountryCode,CountryCodeID,ProductID,ProductName,Unit,Y1977,Y1978,Y1979,Y1980,Y1981,Y1982,Y1983,Y1984,Y1985,Y1986,Y1987,Y1988,Y1989,Y1990,Y1991,Y1992,Y1993,Y1994,Y1995,Y1996,Y1997,Y1998,Y1999,Y2000,Y2001,Y2002,Y2003,Y2004,Y2005,Y2006,Y2007,Y2008,Y2009,Y2010,Y2011,Y2012,Y2013,Y2014,Y2015,Y2016,Y2017,Y2018,Y2019,Y2020,Y2021,Y2022,Y2023,Y2024,Y2025,Y2026,Y2027,Y2028,Y2029,Y2030,Y2031,Y2032,Y2033,Y2034,Y2035,Y2036,Y2037,Y2038,Y2039,Y2040,ColourCode
Antigua,AA,157,178271,Percentage of Population Covered by at least a 3G Mobile Network,% of population,,,,,,,,,,,,,,,,,,,,,,,,,,,0,0,0,0,0,0,0,0,0,98,98,98,98.35281306,99.22350193,99.30796867,99.38017805,99.44285815,99.49796481,99.54694176,99.59088086,99.63062507,100,100,100,100,100,100,100,,,,,,,,,,,xxxxxxxxxxxxxxxxxxxxxxxxxxCCCCCCGGGGGGCCCCCCCCCCCCCCCCxxxxxxxxxx
Albania,AB,158,178271,Percentage of Population Covered by at least a 3G Mobile Network,% of population,,,,,,,,,,,,,,,,,,,,,,,,,,,16.27546974,26.70866432,37.50718239,49.5264536,59.00328736,69.30331484,75.93852872,80.90964612,85.6,99,99,99,99,100,100,100,100,100,100,100,100,100,100,100,100,100,100,100,,,,,,,,,,,xxxxxxxxxxxxxxxxxxxxxxxxxxCCCCCCCCGGGGGCCCCCCCCCCCCCCCxxxxxxxxxx
Angola,AG,161,178271,Percentage of Population Covered by at least a 3G Mobile Network,% of population,,,,,,,,,,,,,,,,,,,,,,,,,,,0,0,0,0,3.424359034,9.757298902,18.59737262,28.87007664,40,47,53,46,60,70.12252474,78.48148434,84.95833316,89.19728006,92.40534274,95.10876174,96.64145774,97.54839735,98.10920178,98.46371153,99.36143632,99.42650646,99.48352683,99.53406231,99.57928907,,,,,,,,,,,xxxxxxxxxxxxxxxxxxxxxxxxxxCCCCCCCCGGGGGCCCCCCCCCCCCCCCxxxxxxxxxx
Azerbaijan,AJ,163,178271,Percentage of Population Covered by at least a 3G Mobile Network,% of population,,,,,,,,,,,,,,,,,,,,,,,,,,,0,0,0,0.214446447,8.987028961,20.04924328,32.2,69.2,89.3,96.5,96.9,97.1,97.3,98.2393824,98.78343967,99.10162158,100,100,100,100,100,100,100,100,100,100,100,100,,,,,,,,,,,xxxxxxxxxxxxxxxxxxxxxxxxxxCCCCCCGGGGGGGCCCCCCCCCCCCCCCxxxxxxxxxx
Algeria,AL,164,178271,Percentage of Population Covered by at least a 3G Mobile Network,% of population,,,,,,,,,,,,,,,,,,,,,,,,,,,0,0,0,0,0,0,0,0,0,1.142042836,6,23.23,46,56.3325438,66.41615002,75.5925205,82.67078571,88.15953915,91.5616607,94.41372807,96.92251173,98.01697369,98.65143495,99.02451063,100,100,100,100,,,,,,,,,,,xxxxxxxxxxxxxxxxxxxxxxxxxxCCCCCCCCCCGGGCCCCCCCCCCCCCCCxxxxxxxxxx
Armenia,AM,165,178271,Percentage of Population Covered by at least a 3G Mobile Network,% of population,,,,,,,,,,,,,,,,,,,,,,,,,,,23.63872984,34.11883294,44.8823317,55.90021475,65.38533312,73.72654388,81.1,93,95,96.3,97.68,98.8,99.9,100,100,100,100,100,100,100,100,100,100,100,100,100,100,100,,,,,,,,,,,xxxxxxxxxxxxxxxxxxxxxxxxxxCCCCCCGGGGGGGCCCCCCCCCCCCCCCxxxxxxxxxx
Laos,AO,166,178271,Percentage of Population Covered by at least a 3G Mobile Network,% of population,,,,,,,,,,,,,,,,,,,,,,,,,,,0,0,0,0,0,0,10.15360169,17,18,19,40,60,65,74.36774815,81.64884546,87.32525119,90.85015348,93.78375768,96.08063328,97.28457703,98.00724962,98.45287153,99.49573122,99.54494708,99.58908388,99.62899366,100,100,,,,,,,,,,,xxxxxxxxxxxxxxxxxxxxxxxxxxCCCCGGCGGGGGGCCCCCCCCCCCCCCCxxxxxxxxxx
Argentina,AR,167,178271,Percentage of Population Covered by at least a 3G Mobile Network,% of population,,,,,,,,,,,,,,,,,,,,,,,,,,,0,4.48595577,14.63453101,25.8083114,36.70523957,46.30332637,55.87979102,64.6845539,71.99798597,78.20132447,82.99369904,86.73761482,90,93.1446712,95.55389439,96.84730824,97.6399638,98.13999002,99.21954232,99.30461337,99.37728669,99.44033173,99.49573122,99.54494708,99.58908388,99.62899366,100,100,,,,,,,,,,,xxxxxxxxxxxxxxxxxxxxxxxxxxCCCCCCCCCCCCGCCCCCCCCCCCCCCCxxxxxxxxxx
Austria,AT,169,178271,Percentage of Population Covered by at least a 3G Mobile Network,% of population,,,,,,,,,,,,,,,,,,,,,,,,,,,35.61805929,51.95728339,65.11439068,75.88027424,84,91.65989848,96,96,96,96,96,97,98,98.35281306,99.22350193,99.30796867,99.38017805,99.44285815,99.49796481,99.54694176,99.59088086,99.63062507,100,100,100,100,100,100,,,,,,,,,,,xxxxxxxxxxxxxxxxxxxxxxxxxxCCCCGCGGGGGGGCCCCCCCCCCCCCCCxxxxxxxxxx
Australia,AU,170,178271,Percentage of Population Covered by at least a 3G Mobile Network,% of population,,,,,,,,,,,,,,,,,,,,,,,,,,,45.81492791,58.66655304,69.09969175,75.70785675,89.38385889,98.8,99,99,99,99,99,99,99,99.12283395,99.22350193,99.30796867,99.38017805,99.44285815,99.49796481,99.54694176,99.59088086,99.63062507,100,100,100,100,100,100,,,,,,,,,,,xxxxxxxxxxxxxxxxxxxxxxxxxxCCCCCGGGGGGGGCCCCCCCCCCCCCCCxxxxxxxxxx
Barbados,BB,172,178271,Percentage of Population Covered by at least a 3G Mobile Network,% of population,,,,,,,,,,,,,,,,,,,,,,,,,,,0,0,0,0,0,0,0.193657921,8.937510877,20,65.33838384,100,98,98.641438,99.01868002,100,100,100,100,100,100,100,100,100,100,100,100,100,100,,,,,,,,,,,xxxxxxxxxxxxxxxxxxxxxxxxxxCCCCCCCCGCGGCCCCCCCCCCCCCCCCxxxxxxxxxx
Belgium,BE,174,178271,Percentage of Population Covered by at least a 3G Mobile Network,% of population,,,,,,,,,,,,,,,,,,,,,,,,,,,35.74715827,51.93982043,65.1884226,76.69572505,85,89.9,96.7,97,97,99.5,99.5,99.5,99.99,100,100,100,100,100,100,100,100,100,100,100,100,100,100,100,,,,,,,,,,,xxxxxxxxxxxxxxxxxxxxxxxxxxCCCCGGGGGGGGGCCCCCCCCCCCCCCCxxxxxxxxxx
Bangladesh,BG,176,178271,Percentage of Population Covered by at least a 3G Mobile Network,% of population,,,,,,,,,,,,,,,,,,,,,,,,,,,0,0,0,0,0,0,0,0,0,1,21.79,59.1,71,79.26572496,85.57208641,89.87104819,92.98642948,95.98289404,97.51557771,98.36271286,98.85595395,99.14414047,100,100,100,100,100,100,,,,,,,,,,,xxxxxxxxxxxxxxxxxxxxxxxxxxCCCCCCCCCGGGGCCCCCCCCCCCCCCCxxxxxxxxxx
Bahrain,BH,177,178271,Percentage of Population Covered by at least a 3G Mobile Network,% of population,,,,,,,,,,,,,,,,,,,,,,,,,,,48.90108147,62.54228585,72.13463036,78.86927728,83.64447052,93.17104949,100,100,100,100,100,97.9,97.9,98.29367726,99.22350193,99.30796867,99.38017805,99.44285815,99.49796481,99.54694176,99.59088086,99.63062507,100,100,100,100,100,100,,,,,,,,,,,xxxxxxxxxxxxxxxxxxxxxxxxxxCCCCCCGGGGGGGCCCCCCCCCCCCCCCxxxxxxxxxx
Benin,BI,178,178271,Percentage of Population Covered by at least a 3G Mobile Network,% of population,,,,,,,,,,,,,,,,,,,,,,,,,,,0,0,0,0,0,0,0,0,0,0,25,30,45,55.46451326,65.5676384,74.86299021,82.11871243,87.77186011,91.25331091,94.13883538,96.42682666,97.93553467,98.60368126,98.99666391,99.22717692,100,100,100,,,,,,,,,,,xxxxxxxxxxxxxxxxxxxxxxxxxxCCCCGGGGGGGGGCCCCCCCCCCCCCCCxxxxxxxxxx
Belarus,BL,179,178271,Percentage of Population Covered by at least a 3G Mobile Network,% of population,,,,,,,,,,,,,,,,,,,,,,,,,,,0,0,0,0,0,32.15803349,59.3,67,80,87.4,89.1,95.7,95.7,97.42520641,98.31116234,98.82570665,99.12638668,100,100,100,100,100,100,100,100,100,100,100,,,,,,,,,,,xxxxxxxxxxxxxxxxxxxxxxxxxxCCCCGCGGGGGGGCCCCCCCCCCCCCCCxxxxxxxxxx
Bhutan,BN,181,178271,Percentage of Population Covered by at least a 3G Mobile Network,% of population,,,,,,,,,,,,,,,,,,,,,,,,,,,0,0,0,0,0,0,4.050913395,14.98,32.5,33.6,54.7,60,80,86.09381419,89.92860904,92.99531878,95.54569227,96.92430096,97.74868155,98.25839279,98.5797353,99.44033173,99.49573122,99.54494708,99.58908388,99.62899366,100,100,,,,,,,,,,,xxxxxxxxxxxxxxxxxxxxxxxxxxCCCCCCCGGGGGGCCCCCCCCCCCCCCCxxxxxxxxxx
Brazil,BR,182,178271,Percentage of Population Covered by at least a 3G Mobile Network,% of population,,,,,,,,,,,,,,,,,,,,,,,,,,,0,2.738353461,11.45512604,22.02358315,33.12139675,42.97047792,55,67.05,81.63,85.98,88.66,92.2,93.53,96.11799027,97.58191421,98.40050677,98.87808326,99.1571481,100,100,100,100,100,100,100,100,100,100,,,,,,,,,,,xxxxxxxxxxxxxxxxxxxxxxxxxxCCCCCCGGGGGGGCCCCCCCCCCCCCCCxxxxxxxxxx
Bosnia-Herzegovina,BS,183,178271,Percentage of Population Covered by at least a 3G Mobile Network,% of population,,,,,,,,,,,,,,,,,,,,,,,,,,,0,0,0,0,3.427960637,13.32507882,25,60,70,72,90,95,96,97.5239168,98.36746456,98.85873816,99.14577613,100,100,100,100,100,100,100,100,100,100,100,,,,,,,,,,,xxxxxxxxxxxxxxxxxxxxxxxxxxCCCCCCGGGGGGGCCCCCCCCCCCCCCCxxxxxxxxxx
Bulgaria,BU,184,178271,Percentage of Population Covered by at least a 3G Mobile Network,% of population,,,,,,,,,,,,,,,,,,,,,,,,,,,5.034831692,15.3936422,27.23357205,38.8406542,49.03,75.69,82.05,93.43,97.81,99.46,99.81,99.88,99.95,100,100,100,100,100,100,100,100,100,100,100,100,100,100,100,,,,,,,,,,,xxxxxxxxxxxxxxxxxxxxxxxxxxCCCCGGGGGGGGGCCCCCCCCCCCCCCCxxxxxxxxxx
Bolivia,BV,185,178271,Percentage of Population Covered by at least a 3G Mobile Network,% of population,,,,,,,,,,,,,,,,,,,,,,,,,,,0,0,0,0,0,0,0,0,2,5,12,27,27,38.84701396,50.4520826,60.56170032,70.42728551,78.93420293,85.38222924,89.92814356,93.07722156,95.75606054,97.4061567,98.30027505,98.81930784,99.12263438,100,100,,,,,,,,,,,xxxxxxxxxxxxxxxxxxxxxxxxxxCCCCCCCCGGGGGCCCCCCCCCCCCCCCxxxxxxxxxx
Canada,CA,187,178271,Percentage of Population Covered by at least a 3G Mobile Network,% of population,,,,,,,,,,,,,,,,,,,,,,,,,,,29.44181376,43.45622146,57.76542908,69.20739896,78,87.33207071,96,98,99,99,99,99,99,99.22350193,99.30796867,99.38017805,99.44285815,99.49796481,99.54694176,99.59088086,99.63062507,100,100,100,100,100,100,100,,,,,,,,,,,xxxxxxxxxxxxxxxxxxxxxxxxxxCCCCGCGGGGGGGCCCCCCCCCCCCCCCxxxxxxxxxx
Cambodia,CB,188,178271,Percentage of Population Covered by at least a 3G Mobile Network,% of population,,,,,,,,,,,,,,,,,,,,,,,,,,,0,0,0.30045189,7.924002145,17.86482683,28.37758087,43,45.872,48.216,50.824,54.488,60,70,78.4546103,84.88953308,89.40069791,92.57916841,95.28758184,96.9483514,97.8727575,98.42550679,98.76265332,100,100,100,100,100,100,,,,,,,,,,,xxxxxxxxxxxxxxxxxxxxxxxxxxCCCCCCGCCCCGGCCCCCCCCCCCCCCCxxxxxxxxxx
Switzerland,CH,191,178271,Percentage of Population Covered by at least a 3G Mobile Network,% of population,,,,,,,,,,,,,,,,,,,,,,,,,,,44.82842748,61.31708292,74.15056709,83.28976979,91,93,94,96,97,97,99,100,100,100,100,100,100,100,100,100,100,100,100,100,100,100,100,100,,,,,,,,,,,xxxxxxxxxxxxxxxxxxxxxxxxxxCCCCGGGGGGGGGCCCCCCCCCCCCCCCxxxxxxxxxx
Chile,CL,193,178271,Percentage of Population Covered by at least a 3G Mobile Network,% of population,,,,,,,,,,,,,,,,,,,,,,,,,,,3.143598014,13.00691481,24.67467998,36.5825987,46.88637715,56.98296666,66.25578977,73.88525839,80.09759552,80.62595079,83.83263781,87.56874411,90,93.39273009,95.43537441,96.6821053,97.44058387,97.9276653,98.91800433,99.05673195,99.1689971,99.26201855,99.34074618,99.40852246,99.46769801,99.51998081,99.56664569,99.60866586,,,,,,,,,,,xxxxxxxxxxxxxxxxxxxxxxxxxxCCCCCCCCCCCCGCCCCCCCCCCCCCCCxxxxxxxxxx
Cayman Islands,CM,194,178271,Percentage of Population Covered by at least a 3G Mobile Network,% of population,,,,,,,,,,,,,,,,,,,,,,,,,,,41.00396337,57.51404219,70.11593423,78.09368915,83.70355845,87.64216688,90.43483242,96.00624021,100,100,100,100,100,100,100,100,100,100,100,100,100,100,100,100,100,100,100,100,,,,,,,,,,,xxxxxxxxxxxxxxxxxxxxxxxxxxCCCCCCCCGGGGGCCCCCCCCCCCCCCCxxxxxxxxxx
China,CN,195,178271,Percentage of Population Covered by at least a 3G Mobile Network,% of population,,,,,,,,,,,,,,,,,,,,,,,,,,,0,0,0,0,0,3.123204908,8.566686916,14.97091605,22.06741917,29.52217138,36.88832871,43.59,57.4,67.44442799,76.47697423,83.37679259,88.94687936,92.25472654,95.04602406,97.06178405,98.10043696,98.70097217,99.05341675,100,100,100,100,100,,,,,,,,,,,xxxxxxxxxxxxxxxxxxxxxxxxxxCCCCCCCCCCCGGCCCCCCCCCCCCCCCxxxxxxxxxx
Colombia,CO,202,178271,Percentage of Population Covered by at least a 3G Mobile Network,% of population,,,,,,,,,,,,,,,,,,,,,,,,,,,31.89241931,44.56171648,55.97237772,64.21234864,71.38831408,78.11144865,84.23812548,89.45690109,96.0119066,100,100,100,100,100,100,100,100,100,100,100,100,100,100,100,100,100,100,100,,,,,,,,,,,xxxxxxxxxxxxxxxxxxxxxxxxxxCCCCCCCCCGGGGCCCCCCCCCCCCCCCxxxxxxxxxx
Sao Tomé e Príncipe,CP,203,178271,Percentage of Population Covered by at least a 3G Mobile Network,% of population,,,,,,,,,,,,,,,,,,,,,,,,,,,0,0,0,0,0,0,0,0,0,2,7.281806736,14.98931355,25.03946759,36.70658421,48.04215625,58.7091817,69.08889171,77.68897111,84.34563022,88.7954568,92.11737694,94.88977383,96.48543656,97.42982874,98.01627585,98.38846672,99.30218117,99.37519197,,,,,,,,,,,xxxxxxxxxxxxxxxxxxxxxxxxxxCCCCCCCCCGCCCCCCCCCCCCCCCCCCxxxxxxxxxx
Croatia,CR,204,178271,Percentage of Population Covered by at least a 3G Mobile Network,% of population,,,,,,,,,,,,,,,,,,,,,,,,,,,15.51881063,27.45096793,39.26700564,49.39840242,59.35094604,68.29506344,75.5,78.8,81,93.74,98.6,98.95,99.06,100,100,100,100,100,100,100,100,100,100,100,100,100,100,100,,,,,,,,,,,xxxxxxxxxxxxxxxxxxxxxxxxxxCCCCCCGGGGGGGCCCCCCCCCCCCCCCxxxxxxxxxx
Czech Republic,CS,205,178271,Percentage of Population Covered by at least a 3G Mobile Network,% of population,,,,,,,,,,,,,,,,,,,,,,,,,,,30.61170746,44.62567061,57.52345523,68.38814508,77.12052315,84,90.4,90.4,87,90.1,90.3,98.4,98.7,99.16874955,100,100,100,100,100,100,100,100,100,100,100,100,100,100,,,,,,,,,,,xxxxxxxxxxxxxxxxxxxxxxxxxxCCCCCGGGGGGGGCCCCCCCCCCCCCCCxxxxxxxxxx
Cape Verde,CV,207,178271,Percentage of Population Covered by at least a 3G Mobile Network,% of population,,,,,,,,,,,,,,,,,,,,,,,,,,,0,0,0,0,7.178545995,18.10763587,29.66445692,40.2943667,50,80,80.68504414,76.5,86.8,90.44972937,93.43356746,95.86451064,97.1495463,97.91878721,98.39249585,98.68943034,99.52405039,99.57029639,99.61196778,100,100,100,100,100,,,,,,,,,,,xxxxxxxxxxxxxxxxxxxxxxxxxxCCCCCCCCGGCGGCCCCCCCCCCCCCCCxxxxxxxxxx
Cyprus,CY,208,178271,Percentage of Population Covered by at least a 3G Mobile Network,% of population,,,,,,,,,,,,,,,,,,,,,,,,,,,27.98907997,40.17754941,52.14840807,63.10469413,72.08453085,79.409765,85,85,85.3,85.3,90,90.01,90.01,93.16014679,95.82437002,97.43892861,98.3189993,98.83031025,99.12908699,100,100,100,100,100,100,100,100,100,,,,,,,,,,,xxxxxxxxxxxxxxxxxxxxxxxxxxCCCCCCGGGGGGGCCCCCCCCCCCCCCCxxxxxxxxxx
Germany,DE,212,178271,Percentage of Population Covered by at least a 3G Mobile Network,% of population,,,,,,,,,,,,,,,,,,,,,,,,,,,28.38213921,40.67331643,52.77000428,63.75720906,72.68670529,80,83.22222222,86.44444444,89,90,92,92.5,95.7,97.01032865,97.79955283,98.28912646,98.59883032,99.44285815,99.49796481,99.54694176,99.59088086,99.63062507,100,100,100,100,100,100,,,,,,,,,,,xxxxxxxxxxxxxxxxxxxxxxxxxxCCCCCGCCGGGGGCCCCCCCCCCCCCCCxxxxxxxxxx
Denmark,DK,214,178271,Percentage of Population Covered by at least a 3G Mobile Network,% of population,,,,,,,,,,,,,,,,,,,,,,,,,,,0,0,0,7.914341092,18.82200326,30.79622063,41.80726123,51.89184867,61.62118869,70.1,73.6,99.5,99.99,100,100,100,100,100,100,100,100,100,100,100,100,100,100,100,,,,,,,,,,,xxxxxxxxxxxxxxxxxxxxxxxxxxCCCCCCCCCGGGGCCCCCCCCCCCCCCCxxxxxxxxxx
Dominican Republic,DR,216,178271,Percentage of Population Covered by at least a 3G Mobile Network,% of population,,,,,,,,,,,,,,,,,,,,,,,,,,,29.66360048,42.78594438,53.79612048,61.93962092,68.77046881,74.74060809,79.22999242,86.89724576,87.50464827,90.45329941,94.11266811,97.10785424,98.8,98.96239614,99.09246416,99.19836508,99.28671375,99.36189402,99.4269051,99.4838783,99.53437544,99.57957058,99.62036541,100,100,100,100,100,,,,,,,,,,,xxxxxxxxxxxxxxxxxxxxxxxxxxCCCCCCCCCCCCGCCCCCCCCCCCCCCCxxxxxxxxxx
Ecuador,EC,230,178271,Percentage of Population Covered by at least a 3G Mobile Network,% of population,,,,,,,,,,,,,,,,,,,,,,,,,,,4.43649701,12.83188888,22.35623409,33.14119362,43.07863612,53.14,62.21,66.29,77.75,87.47,88.86,91.63,91.86,94.66809106,96.23311583,97.17396391,97.77022779,98.9145539,99.05395921,99.16672763,99.26011637,99.33912152,99.4071133,99.46645996,99.51888114,99.56565966,99.60777439,100,,,,,,,,,,,xxxxxxxxxxxxxxxxxxxxxxxxxxCCCCCGGGGGGGGCCCCCCCCCCCCCCCxxxxxxxxxx
Eritrea,EE,231,178271,Percentage of Population Covered by at least a 3G Mobile Network,% of population,,,,,,,,,,,,,,,,,,,,,,,,,,,0.413786911,0.178967039,0.628230949,0.967053443,1.376216099,69.73053823,72.51163457,76.98652663,82.42868323,85,92,89.8125,85,88.58301615,91.34687087,93.62005614,95.4184096,96.59649775,97.42959869,98.01623094,98.39414704,98.65135893,98.84554486,98.99867429,99.12176028,99.22261051,99.30721306,99.37952675,,,,,,,,,,,xxxxxxxxxxxxxxxxxxxxxxxxxxCCCCCCCCCGGCCCCCCCCCCCCCCCCCxxxxxxxxxx
Egypt,EG,232,178271,Percentage of Population Covered by at least a 3G Mobile Network,% of population,,,,,,,,,,,,,,,,,,,,,,,,,,,14.75257259,26.4445596,39.07567848,47.99904954,61.68073407,70.1521192,77,87,91,94,95,95.4,97.8,98.63908095,99.0173054,100,100,100,100,100,100,100,100,100,100,100,100,100,,,,,,,,,,,xxxxxxxxxxxxxxxxxxxxxxxxxxCCCCCCGGGGGGGCCCCCCCCCCCCCCCxxxxxxxxxx
Ethiopia,EP,234,178271,Percentage of Population Covered by at least a 3G Mobile Network,% of population,,,,,,,,,,,,,,,,,,,,,,,,,,,0,0,0,0,0,0,0,0,4,4,33.7211864,65,71,79.11968314,85.45860066,89.49113825,92.72131382,95.2985134,96.68987918,97.53932962,98.07394916,98.41715257,99.28618054,99.36143632,99.42650646,99.48352683,99.53406231,99.57928907,,,,,,,,,,,xxxxxxxxxxxxxxxxxxxxxxxxxxCCCCCCCCGGCGGCCCCCCCCCCCCCCCxxxxxxxxxx
Spain,ES,236,178271,Percentage of Population Covered by at least a 3G Mobile Network,% of population,,,,,,,,,,,,,,,,,,,,,,,,,,,30.34476706,43.85709559,56.5936377,67.3833463,76.06202081,83,91.4,95.1,94.8,97.9,97.9,98.9,98.9,100,100,100,100,100,100,100,100,100,100,100,100,100,100,100,,,,,,,,,,,xxxxxxxxxxxxxxxxxxxxxxxxxxCCCCCGGGGGGGGCCCCCCCCCCCCCCCxxxxxxxxxx
Estonia,ET,237,178271,Percentage of Population Covered by at least a 3G Mobile Network,% of population,,,,,,,,,,,,,,,,,,,,,,,,,,,27.70615429,39.77368575,51.78091573,63.09771693,72.08009933,79.40664975,85,95,97,97,100,100,100,100,100,100,100,100,100,100,100,100,100,100,100,100,100,100,,,,,,,,,,,xxxxxxxxxxxxxxxxxxxxxxxxxxCCCCCCGGGGGGGCCCCCCCCCCCCCCCxxxxxxxxxx
Finland,FI,240,178271,Percentage of Population Covered by at least a 3G Mobile Network,% of population,,,,,,,,,,,,,,,,,,,,,,,,,,,28.09103681,40.30757191,52.31467435,63.28820951,72.26751235,80,85.66749953,90.94102922,95,97.24978408,98.36091918,99.01659469,99.9,100,100,100,100,100,100,100,100,100,100,100,100,100,100,100,,,,,,,,,,,xxxxxxxxxxxxxxxxxxxxxxxxxxCCCCCGCCGCCCGCCCCCCCCCCCCCCCxxxxxxxxxx
Fiji,FJ,241,178271,Percentage of Population Covered by at least a 3G Mobile Network,% of population,,,,,,,,,,,,,,,,,,,,,,,,,,,0,0,0,0,0,0,0,2.416486707,9.857913462,19.41051101,30,48.60876998,68.35,76.69702887,83.31795393,88.10666764,91.93407595,94.58708261,96.15389527,97.11374697,97.70872828,98.81521975,98.97449839,99.10222263,99.20642449,99.29351674,99.36773787,99.43199792,,,,,,,,,,,xxxxxxxxxxxxxxxxxxxxxxxxxxCCCCCCCCCCGCGCCCCCCCCCCCCCCCxxxxxxxxxx
French Polynesia,FP,242,178271,Percentage of Population Covered by at least a 3G Mobile Network,% of population,,,,,,,,,,,,,,,,,,,,,,,,,,,0,0,0,0,4.876783161,15,30,45,68,78,80,80,85,89.22768399,92.42564681,95.12648865,96.66231451,97.5680377,98.12707879,98.47981448,99.37728669,99.44033173,99.49573122,99.54494708,99.58908388,99.62899366,100,100,,,,,,,,,,,xxxxxxxxxxxxxxxxxxxxxxxxxxCCCCCGGGGGGGGCCCCCCCCCCCCCCCxxxxxxxxxx
France,FR,243,178271,Percentage of Population Covered by at least a 3G Mobile Network,% of population,,,,,,,,,,,,,,,,,,,,,,,,,,,21.63868124,33.91711546,44.57671376,54.92711188,64.52248622,72.5,82.03125,91,98,98,98.18518519,98.59259259,99,99.12283395,99.22350193,99.30796867,99.38017805,99.44285815,99.49796481,99.54694176,99.59088086,99.63062507,100,100,100,100,100,100,,,,,,,,,,,xxxxxxxxxxxxxxxxxxxxxxxxxxCCCCCGCGGGCCGCCCCCCCCCCCCCCCxxxxxxxxxx
United Kingdom,GB,245,178271,Percentage of Population Covered by at least a 3G Mobile Network,% of population,,,,,,,,,,,,,,,,,,,,,,,,,,,37.48635125,53.26577253,65.89858477,76.77835672,84.0719373,90,93,95,99.1,99.1,99.2,99.3,99.3,99.46021539,99.5133383,99.56069257,99.60328601,100,100,100,100,100,100,100,100,100,100,100,,,,,,,,,,,xxxxxxxxxxxxxxxxxxxxxxxxxxCCCCCGGGGGGGGCCCCCCCCCCCCCCCxxxxxxxxxx
Georgia,GG,248,178271,Percentage of Population Covered by at least a 3G Mobile Network,% of population,,,,,,,,,,,,,,,,,,,,,,,,,,,35.10928439,50.08229129,61.38058578,69.6344839,76.05216601,83.46689072,88.79840008,91.32513089,93.38477971,94.77577585,95.72734624,97.6369873,99,99.12283395,99.22350193,99.30796867,99.38017805,99.44285815,99.49796481,99.54694176,99.59088086,99.63062507,100,100,100,100,100,100,,,,,,,,,,,xxxxxxxxxxxxxxxxxxxxxxxxxxCCCCCCCCCCCCGCCCCCCCCCCCCCCCxxxxxxxxxx
Ghana,GH,249,178271,Percentage of Population Covered by at least a 3G Mobile Network,% of population,,,,,,,,,,,,,,,,,,,,,,,,,,,0,0,1.769273976,8.332363942,16.59441996,26.52620516,35,36,38,40,53.53677657,70,75,82.28382437,87.42341862,91.10854627,94.15993118,96.02824326,97.10676816,97.77766872,98.20665851,99.17756681,99.26920937,99.34689344,99.41385827,99.47238885,99.52414962,99.57038544,,,,,,,,,,,xxxxxxxxxxxxxxxxxxxxxxxxxxCCCCCCGGGGCGGCCCCCCCCCCCCCCCxxxxxxxxxx
Greece,GR,254,178271,Percentage of Population Covered by at least a 3G Mobile Network,% of population,,,,,,,,,,,,,,,,,,,,,,,,,,,14.13922767,25.86613822,37.62351018,47.8951603,57.92805469,67.06070929,74.5,96,98,98,98.7,98.7,99.3,100,100,100,100,100,100,100,100,100,100,100,100,100,100,100,,,,,,,,,,,xxxxxxxxxxxxxxxxxxxxxxxxxxCCCCCCGGGGGGGCCCCCCCCCCCCCCCxxxxxxxxxx
Guatemala,GT,255,178271,Percentage of Population Covered by at least a 3G Mobile Network,% of population,,,,,,,,,,,,,,,,,,,,,,,,,,,0,0,0,0,0.00761598,7.340513035,17.75322545,30.20946952,42.2149441,53,86,92,92,94.81971605,96.94529316,98.03073581,98.65955867,99.02924927,100,100,100,100,100,100,100,100,100,100,,,,,,,,,,,xxxxxxxxxxxxxxxxxxxxxxxxxxCCCCCCCCCGGGGCCCCCCCCCCCCCCCxxxxxxxxxx
"Hong Kong, China",HK,259,178271,Percentage of Population Covered by at least a 3G Mobile Network,% of population,,,,,,,,,,,,,,,,,,,,,,,,,,,53.92330341,69.14663878,79.81311943,87.29371331,92.59966872,96.34568355,99,99,99,99,99,99,99,100,100,100,100,100,100,100,100,100,100,100,100,100,100,100,,,,,,,,,,,xxxxxxxxxxxxxxxxxxxxxxxxxxCCCCCCGGGGGGGCCCCCCCCCCCCCCCxxxxxxxxxx
Hungary,HU,261,178271,Percentage of Population Covered by at least a 3G Mobile Network,% of population,,,,,,,,,,,,,,,,,,,,,,,,,,,19.18365204,31.11785958,42.00068086,52.01385293,61.64261139,70,79,66,71,97.4,98.26081025,98.4,99.12283395,99.22350193,99.30796867,99.38017805,99.44285815,99.49796481,99.54694176,99.59088086,99.63062507,100,100,100,100,100,100,100,,,,,,,,,,,xxxxxxxxxxxxxxxxxxxxxxxxxxCCCCCGGGGGCGCCCCCCCCCCCCCCCCxxxxxxxxxx
Iceland,IC,262,178271,Percentage of Population Covered by at least a 3G Mobile Network,% of population,,,,,,,,,,,,,,,,,,,,,,,,,,,20.37425169,32.48833574,43.24226666,53.38970353,63,75.875,87,92,96,96,96,98,99,99.12283395,99.22350193,99.30796867,99.38017805,99.44285815,99.49796481,99.54694176,99.59088086,99.63062507,100,100,100,100,100,100,,,,,,,,,,,xxxxxxxxxxxxxxxxxxxxxxxxxxCCCCGCGGGGGGGCCCCCCCCCCCCCCCxxxxxxxxxx
Indonesia,ID,263,178271,Percentage of Population Covered by at least a 3G Mobile Network,% of population,,,,,,,,,,,,,,,,,,,,,,,,,,,0,0,0,3.338687741,8.441005504,14.75660962,22.12873244,30.12554691,37.85983952,44.35877821,49.96736583,55.1631702,60,70.12252474,78.48148434,84.95833316,89.19728006,92.40534274,95.10876174,96.64145774,97.54839735,98.10920178,98.46371153,99.36143632,99.42650646,99.48352683,99.53406231,99.57928907,,,,,,,,,,,xxxxxxxxxxxxxxxxxxxxxxxxxxCCCCCCCCCCCCGCCCCCCCCCCCCCCCxxxxxxxxxx
Ireland,IE,264,178271,Percentage of Population Covered by at least a 3G Mobile Network,% of population,,,,,,,,,,,,,,,,,,,,,,,,,,,36.94679365,52.77082818,65.41778689,75.78149391,83.13488325,89,91.44444444,93.88888889,95,95,95,95,95,96.64897036,97.59251981,98.16808061,98.52741371,99.44285815,99.49796481,99.54694176,99.59088086,99.63062507,100,100,100,100,100,100,,,,,,,,,,,xxxxxxxxxxxxxxxxxxxxxxxxxxCCCCCGCCGGGGGCCCCCCCCCCCCCCCxxxxxxxxxx
India,IN,265,178271,Percentage of Population Covered by at least a 3G Mobile Network,% of population,,,,,,,,,,,,,,,,,,,,,,,,,,,0,0,0,0,0,0,0.08,4.97485515,12.08033626,21.45853409,32.79168236,44.91270411,55.40634193,65.709459,75.0183557,82.15091892,87.62585671,91.08959542,94.00613855,96.16150789,97.30741296,97.99733783,98.42563137,99.43796003,99.49363537,99.54307614,99.58739894,99.62746444,,,,,,,,,,,xxxxxxxxxxxxxxxxxxxxxxxxxxCCCCGGGCCCCCCCCCCCCCCCCCCCCCxxxxxxxxxx
Iran,IR,271,178271,Percentage of Population Covered by at least a 3G Mobile Network,% of population,,,,,,,,,,,,,,,,,,,,,,,,,,,0,0,0,0,0,0,0,0,0,40.83,48,52,59.81,70.03533605,78.39775761,84.90153535,89.1466891,92.37988511,95.08475537,96.60490333,97.5114514,98.07457793,98.43199104,99.32887733,99.39823812,99.45866997,99.51196752,99.55946494,,,,,,,,,,,xxxxxxxxxxxxxxxxxxxxxxxxxxCCCCCCCGGGGGGCCCCCCCCCCCCCCCxxxxxxxxxx
Israel,IS,272,178271,Percentage of Population Covered by at least a 3G Mobile Network,% of population,,,,,,,,,,,,,,,,,,,,,,,,,,,44.47853083,60.1587944,70.97770856,78.70638895,84.03233064,87.64075936,94.32393592,99,99,99,99,99.00214844,99,99.12283395,99.22350193,99.30796867,99.38017805,99.44285815,99.49796481,99.54694176,99.59088086,99.63062507,100,100,100,100,100,100,,,,,,,,,,,xxxxxxxxxxxxxxxxxxxxxxxxxxCCCCCCCGGGGCGCCCCCCCCCCCCCCCxxxxxxxxxx
Italy,IT,273,178271,Percentage of Population Covered by at least a 3G Mobile Network,% of population,,,,,,,,,,,,,,,,,,,,,,,,,,,8.691299284,19.78367618,31.82669733,42.7289384,52.82727586,62,70,80,98,99,99.7,99,99,100,100,100,100,100,100,100,100,100,100,100,100,100,100,100,,,,,,,,,,,xxxxxxxxxxxxxxxxxxxxxxxxxxCCCCCGGGGGGGGCCCCCCCCCCCCCCCxxxxxxxxxx
Jordan,JO,275,178271,Percentage of Population Covered by at least a 3G Mobile Network,% of population,,,,,,,,,,,,,,,,,,,,,,,,,,,0,0,0,6.335296672,16.91141203,28.75526361,39.9920104,50,70,90,98,99,99,99.12283395,99.22350193,99.30796867,99.38017805,99.44285815,99.49796481,99.54694176,99.59088086,99.63062507,100,100,100,100,100,100,,,,,,,,,,,xxxxxxxxxxxxxxxxxxxxxxxxxxCCCCCCCGGGGGGCCCCCCCCCCCCCCCxxxxxxxxxx
Japan,JP,276,178271,Percentage of Population Covered by at least a 3G Mobile Network,% of population,,,,,,,,,,,,,,,,,,,,,,,,,,,40.96490416,55.14512415,67.57640724,77.13218265,83.21520014,87.55105164,90.54890367,92.66209651,96.87794652,99.9,99.9,99.9,99.9,100,100,100,100,100,100,100,100,100,100,100,100,100,100,100,,,,,,,,,,,xxxxxxxxxxxxxxxxxxxxxxxxxxCCCCCCCCCGGGGCCCCCCCCCCCCCCCxxxxxxxxxx
Sri Lanka,KA,277,178271,Percentage of Population Covered by at least a 3G Mobile Network,% of population,,,,,,,,,,,,,,,,,,,,,,,,,,,0,0,2.221010945,11.08297209,21.52062673,34.09397218,44.41719735,55.25627888,64.41493906,72,72,72.85322863,74,81.39219595,87.16087646,90.73454416,93.67699271,96.04707867,97.28894793,98.03043837,98.48497728,98.76823914,99.58908388,99.62899366,100,100,100,100,,,,,,,,,,,xxxxxxxxxxxxxxxxxxxxxxxxxxCCCCCCCCCGGCGCCCCCCCCCCCCCCCxxxxxxxxxx
Kazakhstan,KK,279,178271,Percentage of Population Covered by at least a 3G Mobile Network,% of population,,,,,,,,,,,,,,,,,,,,,,,,,,,0,0,0,0,4.801657969,15.51830942,26.99593486,37.88579764,46.44358743,53.23663202,59,59,72.7,80.39060754,86.40928668,90.18155515,93.25941326,95.64841232,96.92596954,97.70585101,98.19537416,99.26942662,99.3470793,99.41401969,99.47253084,99.52427586,99.57049873,99.61215085,,,,,,,,,,,xxxxxxxxxxxxxxxxxxxxxxxxxxCCCCCCCCCCGGGCCCCCCCCCCCCCCCxxxxxxxxxx
South Korea,KR,280,178271,Percentage of Population Covered by at least a 3G Mobile Network,% of population,,,,,,,,,,,,,,,,,,,,,,,,,,,51.36552751,65.88881619,76.18806237,83.62292272,99,99,99,99,99,99,99,99,99,100,100,100,100,100,100,100,100,100,100,100,100,100,100,100,,,,,,,,,,,xxxxxxxxxxxxxxxxxxxxxxxxxxCCCCGGGGGGGGGCCCCCCCCCCCCCCCxxxxxxxxxx
Kuwait,KW,282,178271,Percentage of Population Covered by at least a 3G Mobile Network,% of population,,,,,,,,,,,,,,,,,,,,,,,,,,,38.93820819,53.27903328,64.61114293,72.61155776,79.30361419,85.17029665,89.42437068,92.24760696,94.23287559,95.6267041,96.61499652,98.58665405,100,100,100,100,100,100,100,100,100,100,100,100,100,100,100,100,,,,,,,,,,,xxxxxxxxxxxxxxxxxxxxxxxxxxCCCCCCCCCCCCGCCCCCCCCCCCCCCCxxxxxxxxxx
Kenya,KY,283,178271,Percentage of Population Covered by at least a 3G Mobile Network,% of population,,,,,,,,,,,,,,,,,,,,,,,,,,,0,0,0,0,0,3.871879266,12.62928199,23.83243053,34.25378772,43.30069322,52.21072106,60.27612406,69,77.53389516,84.32716874,88.64874877,92.15103916,94.91357531,96.40012802,97.30772574,97.88479515,98.26118504,99.15068851,99.24669839,99.32767857,99.3972007,99.45776024,99.51116078,,,,,,,,,,,xxxxxxxxxxxxxxxxxxxxxxxxxxCCCCCCCCCCCCGCCCCCCCCCCCCCCCxxxxxxxxxx
Kyrgyzstan,KZ,284,178271,Percentage of Population Covered by at least a 3G Mobile Network,% of population,,,,,,,,,,,,,,,,,,,,,,,,,,,0,0,0,0,0,0.404482204,7.981518508,20.06316761,32,46.32,51,57,59,68.98826125,77.62857859,84.20101513,88.90089606,92.1538984,94.92272615,96.67448251,97.64830284,98.23539783,98.59797051,99.52700751,99.5729508,99.61436992,100,100,,,,,,,,,,,xxxxxxxxxxxxxxxxxxxxxxxxxxCCCCCCCCGGGGGCCCCCCCCCCCCCCCxxxxxxxxxx
Latvia,LA,285,178271,Percentage of Population Covered by at least a 3G Mobile Network,% of population,,,,,,,,,,,,,,,,,,,,,,,,,,,4.479941957,14.5931212,26.27547668,37.61104369,47.96396119,58.00984977,67.88535097,76.64617521,83.28991783,88.24448082,91.45263397,94.32873562,96.31379438,97.39209822,98.04344572,98.44853289,99.4269051,99.4838783,99.53437544,99.57957058,99.62036541,100,100,100,100,100,100,100,,,,,,,,,,,xxxxxxxxxxxxxxxxxxxxxxxxxxCCCCCCCCCCCCCCCCCCCCCCCCCCCCxxxxxxxxxx
Lebanon,LB,286,178271,Percentage of Population Covered by at least a 3G Mobile Network,% of population,,,,,,,,,,,,,,,,,,,,,,,,,,,0,0,0,0,0,0,0,0,50,90,94.21277965,95.78894304,96.4,97.52351337,98.19240914,98.60178777,99.60328601,100,100,100,100,100,100,100,100,100,100,100,,,,,,,,,,,xxxxxxxxxxxxxxxxxxxxxxxxxxCCCCCCGGGGCCGCCCCCCCCCCCCCCCxxxxxxxxxx
Liechtenstein,LI,289,178271,Percentage of Population Covered by at least a 3G Mobile Network,% of population,,,,,,,,,,,,,,,,,,,,,,,,,,,36.13139586,50.00680051,62.11798181,70.61565211,77.1085566,83.24490967,88.60623214,92.84043903,96.0565087,98,99,99,99,100,100,100,100,100,100,100,100,100,100,100,100,100,100,100,,,,,,,,,,,xxxxxxxxxxxxxxxxxxxxxxxxxxCCCCCCCCCGGGGCCCCCCCCCCCCCCCxxxxxxxxxx
Lesotho,LO,293,178271,Percentage of Population Covered by at least a 3G Mobile Network,% of population,,,,,,,,,,,,,,,,,,,,,,,,,,,0,0,0,0,0,0,4.001846579,11.60937108,21.00466479,32,63.75482502,91.96,95,96.22694724,97.71752131,98.20664338,98.51874672,98.74391959,98.91800433,99.05673195,99.1689971,99.26201855,99.34074618,99.40852246,99.46769801,99.51998081,99.56664569,99.60866586,,,,,,,,,,,xxxxxxxxxxxxxxxxxxxxxxxxxxCCCCCCCCCGCGGCCCCCCCCCCCCCCCxxxxxxxxxx
Lithuania,LT,295,178271,Percentage of Population Covered by at least a 3G Mobile Network,% of population,,,,,,,,,,,,,,,,,,,,,,,,,,,0,0,0,3.189034025,13.06580133,24.73925379,36.64081871,46,40,54,94,99,99.98,100,100,100,100,100,100,100,100,100,100,100,100,100,100,100,,,,,,,,,,,xxxxxxxxxxxxxxxxxxxxxxxxxxCCCCCCCGGGGGGCCCCCCCCCCCCCCCxxxxxxxxxx
Luxembourg,LX,296,178271,Percentage of Population Covered by at least a 3G Mobile Network,% of population,,,,,,,,,,,,,,,,,,,,,,,,,,,36.93290529,52.56893097,65.40942073,76.04119971,83.31326088,90,80,90,94.09165423,95.50421785,95.91603422,97,99,99.12283395,99.22350193,99.30796867,99.38017805,99.44285815,99.49796481,99.54694176,99.59088086,99.63062507,100,100,100,100,100,100,,,,,,,,,,,xxxxxxxxxxxxxxxxxxxxxxxxxxCCCCCGGGCCCGGCCCCCCCCCCCCCCCxxxxxxxxxx
Maldives,MA,298,178271,Percentage of Population Covered by at least a 3G Mobile Network,% of population,,,,,,,,,,,,,,,,,,,,,,,,,,,0,0,0,7.519733714,18.68766697,30.71995375,41.82,57.1,75.2,78,83,91.0625,100,100,100,100,100,100,100,100,100,100,100,100,100,100,100,100,,,,,,,,,,,xxxxxxxxxxxxxxxxxxxxxxxxxxCCCCCCGGGGGCGCCCCCCCCCCCCCCCxxxxxxxxxx
Macedonia,MD,300,178271,Percentage of Population Covered by at least a 3G Mobile Network,% of population,,,,,,,,,,,,,,,,,,,,,,,,,,,0,3.924002135,13.97057937,25.82699326,37.61861092,47.82037045,57.85778058,67,73.33058516,79.57242103,85.74344806,91.87263921,98,98.35281306,99.22350193,99.30796867,99.38017805,99.44285815,99.49796481,99.54694176,99.59088086,99.63062507,100,100,100,100,100,100,,,,,,,,,,,xxxxxxxxxxxxxxxxxxxxxxxxxxCCCCCCCGCCCCGCCCCCCCCCCCCCCCxxxxxxxxxx
Mongolia,ML,302,178271,Percentage of Population Covered by at least a 3G Mobile Network,% of population,,,,,,,,,,,,,,,,,,,,,,,,,,,0,4.230413046,12.06424172,21.39549294,30.87876828,39.9,46.9,49.8,49.9,52.8,62.36234177,78.31434914,95,96.64897036,97.59251981,98.16808061,98.52741371,99.44285815,99.49796481,99.54694176,99.59088086,99.63062507,100,100,100,100,100,100,,,,,,,,,,,xxxxxxxxxxxxxxxxxxxxxxxxxxCCCCCGGGGGCCGCCCCCCCCCCCCCCCxxxxxxxxxx
Monaco,MN,304,178271,Percentage of Population Covered by at least a 3G Mobile Network,% of population,,,,,,,,,,,,,,,,,,,,,,,,,,,45.58055614,61.22661977,71.69465511,78.94321861,84.03233064,87.64075936,94.83962639,100,100,100,100,100,100,100,100,100,100,100,100,100,100,100,100,100,100,100,100,100,,,,,,,,,,,xxxxxxxxxxxxxxxxxxxxxxxxxxCCCCCCCGGGGGGCCCCCCCCCCCCCCCxxxxxxxxxx
Morocco,MO,305,178271,Percentage of Population Covered by at least a 3G Mobile Network,% of population,,,,,,,,,,,,,,,,,,,,,,,,,,,16.53914528,28.2135423,39.67145616,49.7796914,59.44110324,68,69,69,75,75,75,80,80,86.12467375,90.11995426,93.16365556,95.7497898,97.19194247,98.0237921,98.52457815,99.16968345,100,100,100,100,100,100,100,,,,,,,,,,,xxxxxxxxxxxxxxxxxxxxxxxxxxCCCCCGGGGGGGGCCCCCCCCCCCCCCCxxxxxxxxxx
Macau,MU,310,178271,Percentage of Population Covered by at least a 3G Mobile Network,% of population,,,,,,,,,,,,,,,,,,,,,,,,,,,49.75109047,66.10881502,77.01822278,84.71043779,90.12200215,98.9,99.1,99.9,99.9,99.9,99.9,99.9,99.9,100,100,100,100,100,100,100,100,100,100,100,100,100,100,100,,,,,,,,,,,xxxxxxxxxxxxxxxxxxxxxxxxxxCCCCCGGGGGGGGCCCCCCCCCCCCCCCxxxxxxxxxx
Moldova,MV,311,178271,Percentage of Population Covered by at least a 3G Mobile Network,% of population,,,,,,,,,,,,,,,,,,,,,,,,,,,0,7.857007349,19.22685971,30.94565904,41.97090674,52.1596148,61.9,85.09816655,99,99,99,99,99,99.12283395,99.22350193,99.30796867,99.38017805,99.44285815,99.49796481,99.54694176,99.59088086,99.63062507,100,100,100,100,100,100,,,,,,,,,,,xxxxxxxxxxxxxxxxxxxxxxxxxxCCCCCCGCGGGGGCCCCCCCCCCCCCCCxxxxxxxxxx
Malawi,MW,312,178271,Percentage of Population Covered by at least a 3G Mobile Network,% of population,,,,,,,,,,,,,,,,,,,,,,,,,,,0,0,0,0,0,0,0,0,0,2,5,17.82245356,32,44.09285959,54.66568026,64.93610686,74.32516975,81.61476526,87.29590512,90.82556785,93.76360942,96.06217631,97.2680818,97.99253349,98.43971786,99.48352683,99.53406231,99.57928907,,,,,,,,,,,xxxxxxxxxxxxxxxxxxxxxxxxxxCCCCCCCCCGGCGCCCCCCCCCCCCCCCxxxxxxxxxx
Mexico,MX,313,178271,Percentage of Population Covered by at least a 3G Mobile Network,% of population,,,,,,,,,,,,,,,,,,,,,,,,,,,0,0,5.149063886,15.54054499,27.40330342,38.97130234,49.10123196,59.05964066,68.03002836,75.2681523,81.21534366,85.70120833,89,92.29879167,95.08504478,97.08136798,98.11202341,98.70788771,99.05745452,100,100,100,100,100,100,100,100,100,,,,,,,,,,,xxxxxxxxxxxxxxxxxxxxxxxxxxCCCCCCCCCCCCGCCCCCCCCCCCCCCCxxxxxxxxxx
Malaysia,MY,314,178271,Percentage of Population Covered by at least a 3G Mobile Network,% of population,,,,,,,,,,,,,,,,,,,,,,,,,,,19.07031366,30.40739807,40.39560129,49.52122043,58.16910795,65.52264487,74,81.1,81.6,82.4,83.1,88,92,94.51857291,96.07729307,97.05934915,97.66156914,98.74391959,98.91800433,99.05673195,99.1689971,99.26201855,99.34074618,99.40852246,99.46769801,99.51998081,99.56664569,99.60866586,,,,,,,,,,,xxxxxxxxxxxxxxxxxxxxxxxxxxCCCCCCGGGGGGGCCCCCCCCCCCCCCCxxxxxxxxxx
Namibia,NB,316,178271,Percentage of Population Covered by at least a 3G Mobile Network,% of population,,,,,,,,,,,,,,,,,,,,,,,,,,,0,0,0,0,0,0,3.134682805,13,23,32,37,37,37,48.86046597,59.01265688,68.98819595,77.80177839,84.47937239,89.41925425,92.6500486,95.3931592,97.23234934,98.20030996,98.76034465,99.08810835,100,100,100,,,,,,,,,,,xxxxxxxxxxxxxxxxxxxxxxxxxxCCCCCCCGGGGGGCCCCCCCCCCCCCCCxxxxxxxxxx
Nigeria,NG,318,178271,Percentage of Population Covered by at least a 3G Mobile Network,% of population,,,,,,,,,,,,,,,,,,,,,,,,,,,0,0,0,0,0,0,3.506021138,12.57621488,17.62182665,30.33819099,43.52009875,57.44783231,66.6,75.75785165,82.80972574,88.26947881,91.65802224,94.81322094,96.94186632,98.02866333,98.65833423,99.02853501,100,100,100,100,100,100,,,,,,,,,,,xxxxxxxxxxxxxxxxxxxxxxxxxxCCCCCCCCCCCCGCCCCCCCCCCCCCCCxxxxxxxxxx
Netherlands,NL,320,178271,Percentage of Population Covered by at least a 3G Mobile Network,% of population,,,,,,,,,,,,,,,,,,,,,,,,,,,45.31224342,61.9381663,74.53838663,82.19457725,90,92.86,96.69673469,99,99,99,99,99,99,100,100,100,100,100,100,100,100,100,100,100,100,100,100,100,,,,,,,,,,,xxxxxxxxxxxxxxxxxxxxxxxxxxCCCCGCCGGGCGGCCCCCCCCCCCCCCCxxxxxxxxxx
Norway,NO,322,178271,Percentage of Population Covered by at least a 3G Mobile Network,% of population,,,,,,,,,,,,,,,,,,,,,,,,,,,43.30682603,59.58396721,72.81379401,82.21956019,90,89.53209718,88.4434718,87.58573964,87.81310622,90,97,98,99,100,100,100,100,100,100,100,100,100,100,100,100,100,100,100,,,,,,,,,,,xxxxxxxxxxxxxxxxxxxxxxxxxxCCCCGCCCCGGGGCCCCCCCCCCCCCCCxxxxxxxxxx
Nepal,NP,323,178271,Percentage of Population Covered by at least a 3G Mobile Network,% of population,,,,,,,,,,,,,,,,,,,,,,,,,,,0.374629111,1.241856422,2.902446029,5.686594976,9.567571951,14.3292732,20.35,29.51918808,44.64321299,62.83031169,76.74974469,77.71045588,83.42357535,87.45602456,90.49648576,93.62005614,95.4184096,96.59649775,97.42959869,98.01623094,98.39414704,98.65135893,98.84554486,98.99867429,99.12176028,99.22261051,99.30721306,99.37952675,,,,,,,,,,,xxxxxxxxxxxxxxxxxxxxxxxxxxCCCCCCGCCCCCCCCCCCCCCCCCCCCCxxxxxxxxxx
Nauru,NU,325,178271,Percentage of Population Covered by at least a 3G Mobile Network,% of population,,,,,,,,,,,,,,,,,,,,,,,,,,,29.13305653,42.09031118,54.90592103,65.89122612,75.10213306,83.07115842,89.74935012,98,97.28655207,97.46491405,97.64327604,97.82163802,98,98.38406334,98.6440107,98.83984149,98.99412137,99.11806293,99.21954232,99.30461337,99.37728669,99.44033173,99.49573122,99.54494708,99.58908388,99.62899366,100,100,,,,,,,,,,,xxxxxxxxxxxxxxxxxxxxxxxxxxCCCCCCCGCCCCGCCCCCCCCCCCCCCCxxxxxxxxxx
New Zealand,NZ,327,178271,Percentage of Population Covered by at least a 3G Mobile Network,% of population,,,,,,,,,,,,,,,,,,,,,,,,,,,46.76940558,59.8887729,69.09969175,75.63068259,87.75540802,97,97,97,97,97,97,97,98,98.38406334,98.6440107,98.83984149,98.99412137,99.11806293,99.21954232,99.30461337,99.37728669,99.44033173,99.49573122,99.54494708,99.58908388,99.62899366,100,100,,,,,,,,,,,xxxxxxxxxxxxxxxxxxxxxxxxxxCCCCCGGGGGCGGCCCCCCCCCCCCCCCxxxxxxxxxx
Oman,OM,328,178271,Percentage of Population Covered by at least a 3G Mobile Network,% of population,,,,,,,,,,,,,,,,,,,,,,,,,,,0,0,0,0,0,32,48,49.05,65,85.7,87.1,93,95,96.64897036,97.59251981,98.16808061,98.52741371,99.44285815,99.49796481,99.54694176,99.59088086,99.63062507,100,100,100,100,100,100,,,,,,,,,,,xxxxxxxxxxxxxxxxxxxxxxxxxxCCCCGGGGGGGGGCCCCCCCCCCCCCCCxxxxxxxxxx
Cameroon,OO,329,178271,Percentage of Population Covered by at least a 3G Mobile Network,% of population,,,,,,,,,,,,,,,,,,,,,,,,,,,0,0,0,0,0.983877883,4.375574727,8.890166877,14.45461044,20.90050028,28.00262818,35.17839767,42.36553586,50,60.71987188,70.86315499,79.01243121,85.380471,89.44248564,92.62878413,95.25678411,96.69431025,97.56214083,98.1037186,98.44879282,99.32767857,99.3972007,99.45776024,99.51116078,,,,,,,,,,,xxxxxxxxxxxxxxxxxxxxxxxxxxCCCCCCCCCCCCGCCCCCCCCCCCCCCCxxxxxxxxxx
Philippines,PH,331,178271,Percentage of Population Covered by at least a 3G Mobile Network,% of population,,,,,,,,,,,,,,,,,,,,,,,,,,,5.286203089,16.43455024,29.56496763,40.68152817,50.68642348,60.41779687,69,69,70,73,75,78,84.51732807,89.16518144,92.37911425,95.11761871,96.84194975,97.79445686,98.36435167,98.71285447,99.63062507,100,100,100,100,100,100,100,,,,,,,,,,,xxxxxxxxxxxxxxxxxxxxxxxxxxCCCCCCGGGGGGCCCCCCCCCCCCCCCCxxxxxxxxxx
Pakistan,PK,332,178271,Percentage of Population Covered by at least a 3G Mobile Network,% of population,,,,,,,,,,,,,,,,,,,,,,,,,,,0,0,0,0,0,0,0,0,0,0,0,33,46,56.8495661,67.32264514,76.26641481,83.34682294,87.99151001,91.58677869,94.54495835,96.19981839,97.1913573,97.81607924,98.21992543,99.14886607,99.24517659,99.3263827,99.39607952,,,,,,,,,,,xxxxxxxxxxxxxxxxxxxxxxxxxxCCCCCCCCCGGGGCCCCCCCCCCCCCCCxxxxxxxxxx
Poland,PL,333,178271,Percentage of Population Covered by at least a 3G Mobile Network,% of population,,,,,,,,,,,,,,,,,,,,,,,,,,,0,0,3.877059136,13.85987623,25.5,42.444375,56.63,61.16,82.34,80.52,93.6,99.9,100,100,100,100,100,100,100,100,100,100,100,100,100,100,100,100,,,,,,,,,,,xxxxxxxxxxxxxxxxxxxxxxxxxxCCCCGCGGGGGGCCCCCCCCCCCCCCCCxxxxxxxxxx
Portugal,PT,337,178271,Percentage of Population Covered by at least a 3G Mobile Network,% of population,,,,,,,,,,,,,,,,,,,,,,,,,,,21.8506306,34.11128294,44.73362379,55.09460195,64.65887737,72.57289823,79,84,85,87.5,96.2,99.1,99.1,100,100,100,100,100,100,100,100,100,100,100,100,100,100,100,,,,,,,,,,,xxxxxxxxxxxxxxxxxxxxxxxxxxCCCCCCGGGGGGGCCCCCCCCCCCCCCCxxxxxxxxxx
Peru,PU,338,178271,Percentage of Population Covered by at least a 3G Mobile Network,% of population,,,,,,,,,,,,,,,,,,,,,,,,,,,0,0,2.41193986,10.97496866,22.30414422,34.30988095,39.23546417,55.02,62.51,79.4,87.40972073,88.95,90.67,93.67760727,96.22933311,97.63756592,98.43222799,98.89663198,99.16806433,100,100,100,100,100,100,100,100,100,,,,,,,,,,,xxxxxxxxxxxxxxxxxxxxxxxxxxCCCCCCCGGGCGGCCCCCCCCCCCCCCCxxxxxxxxxx
Qatar,QT,339,178271,Percentage of Population Covered by at least a 3G Mobile Network,% of population,,,,,,,,,,,,,,,,,,,,,,,,,,,24.8800676,36.71718508,49.61295929,61.13840346,70,86,80,98,98,98,98,98,98,98.641438,99.01868002,100,100,100,100,100,100,100,100,100,100,100,100,100,,,,,,,,,,,xxxxxxxxxxxxxxxxxxxxxxxxxxCCCCGGGGGGGGGCCCCCCCCCCCCCCCxxxxxxxxxx
Costa Rica,RI,340,178271,Percentage of Population Covered by at least a 3G Mobile Network,% of population,,,,,,,,,,,,,,,,,,,,,,,,,,,1.285935909,9.321679123,19.22191766,29.86635384,27.14008372,38.06387909,44.85,51.56655277,60.98281134,72.63698255,85.7048952,99,99.12283395,99.22350193,99.30796867,99.38017805,99.44285815,99.49796481,99.54694176,99.59088086,99.63062507,100,100,100,100,100,100,100,,,,,,,,,,,xxxxxxxxxxxxxxxxxxxxxxxxxxCCCCCCGCCCCGCCCCCCCCCCCCCCCCxxxxxxxxxx
Romania,RO,341,178271,Percentage of Population Covered by at least a 3G Mobile Network,% of population,,,,,,,,,,,,,,,,,,,,,,,,,,,1.899108861,11.14097542,22.20377045,33.91358261,45,60,90,91,95,99.8,99.8,99.8,99.9,100,100,100,100,100,100,100,100,100,100,100,100,100,100,100,,,,,,,,,,,xxxxxxxxxxxxxxxxxxxxxxxxxxCCCCGGGGGGGGGCCCCCCCCCCCCCCCxxxxxxxxxx
Russia,RU,344,178271,Percentage of Population Covered by at least a 3G Mobile Network,% of population,,,,,,,,,,,,,,,,,,,,,,,,,,,0,0,0,0,5.544657098,14.86537416,25.42491779,35.52635246,44.5976212,53.48970665,61.41488629,67.77330877,73,80.48864901,85.78566662,90.11576376,93.45857738,95.41955992,96.65654701,97.41521062,97.8992491,98.86740862,99.0161522,99.13591878,99.23438179,99.31720181,99.38814425,99.44982603,,,,,,,,,,,xxxxxxxxxxxxxxxxxxxxxxxxxxCCCCCCCCCCCCGCCCCCCCCCCCCCCCxxxxxxxxxx
Rwanda,RW,347,178271,Percentage of Population Covered by at least a 3G Mobile Network,% of population,,,,,,,,,,,,,,,,,,,,,,,,,,,2.434806038,9.888947225,19.4215468,30.13675894,43.09369862,53.29423978,64.39502503,71.55386098,78.47357233,83.89557336,88,88,88.01,91.52787437,94.4015466,96.71239457,97.89446958,98.57978759,98.98273345,99.21891788,100,100,100,100,100,100,100,100,,,,,,,,,,,xxxxxxxxxxxxxxxxxxxxxxxxxxCCCCCCCCCCGGGCCCCCCCCCCCCCCCxxxxxxxxxx
Saudi Arabia,SA,348,178271,Percentage of Population Covered by at least a 3G Mobile Network,% of population,,,,,,,,,,,,,,,,,,,,,,,,,,,26.73816317,38.32992329,51.82009373,62.33264025,72.22882176,79.30808341,85,90,93.8,95.08,97,97,97,97.87756719,98.40700579,98.73230484,99.61595535,100,100,100,100,100,100,100,100,100,100,100,,,,,,,,,,,xxxxxxxxxxxxxxxxxxxxxxxxxxCCCCCCGGGGGGGCCCCCCCCCCCCCCCxxxxxxxxxx
Sudan,SD,350,178271,Percentage of Population Covered by at least a 3G Mobile Network,% of population,,,,,,,,,,,,,,,,,,,,,,,,,,,0,0,0,0,1.08691627,7.425688303,15,31.71452243,42,45,45.2,45.7,45.73,56.34682069,66.91571133,76.06964243,83.06262178,87.98926718,91.51694332,94.43494834,96.2175877,97.2494662,97.88907151,98.29521896,99.24766041,99.32849797,99.3979098,99.45838204,,,,,,,,,,,xxxxxxxxxxxxxxxxxxxxxxxxxxCCCCCCGCGGGGGCCCCCCCCCCCCCCCxxxxxxxxxx
Sweden,SE,351,178271,Percentage of Population Covered by at least a 3G Mobile Network,% of population,,,,,,,,,,,,,,,,,,,,,,,,,,,45.01311194,58.06094279,67.31249144,84.90310539,99,99,99,99.98,99.98,99.99,99.99,99.99,99.99,100,100,100,100,100,100,100,100,100,100,100,100,100,100,100,,,,,,,,,,,xxxxxxxxxxxxxxxxxxxxxxxxxxCCCCGGGGGGCGGCCCCCCCCCCCCCCCxxxxxxxxxx
Singapore,SG,352,178271,Percentage of Population Covered by at least a 3G Mobile Network,% of population,,,,,,,,,,,,,,,,,,,,,,,,,,,45.46778984,58.64741696,67.99241559,86.63582183,99.83,99.42,100,100,99,99,99,100,100,100,100,100,100,100,100,100,100,100,100,100,100,100,100,100,,,,,,,,,,,xxxxxxxxxxxxxxxxxxxxxxxxxxCCCCGGGGGGGGGCCCCCCCCCCCCCCCxxxxxxxxxx
Slovakia,SK,354,178271,Percentage of Population Covered by at least a 3G Mobile Network,% of population,,,,,,,,,,,,,,,,,,,,,,,,,,,11.88635202,23.33468637,35.39565601,45.85205801,56,61.1,67.8,69.2,71.1,77,85,91,93,95.6917484,97.37538213,98.28266478,98.808949,99.11656234,100,100,100,100,100,100,100,100,100,100,,,,,,,,,,,xxxxxxxxxxxxxxxxxxxxxxxxxxCCCCGGGGGGGGGCCCCCCCCCCCCCCCxxxxxxxxxx
Somalia,SO,356,178271,Percentage of Population Covered by at least a 3G Mobile Network,% of population,,,,,,,,,,,,,,,,,,,,,,,,,,,0,0,0,0,0,0,0,0,10,30,41.13313055,50.51792731,61.45868199,71.35557632,79.3225969,85.45806174,89.61232789,93.0418167,95.35214156,96.65159184,97.44516102,97.95399289,98.99867429,99.12176028,99.22261051,99.30721306,99.37952675,99.44228894,,,,,,,,,,,xxxxxxxxxxxxxxxxxxxxxxxxxxCCCCCCCGGGCCCCCCCCCCCCCCCCCCxxxxxxxxxx
Suriname,SU,358,178271,Percentage of Population Covered by at least a 3G Mobile Network,% of population,,,,,,,,,,,,,,,,,,,,,,,,,,,0,0,0,0,0,0,0,0,2.350544039,12,34.66666667,57.33333333,80,86.23248256,90.40407102,93.46693863,96.06933486,97.55788959,98.38681954,98.87007305,99.15243777,100,100,100,100,100,100,100,,,,,,,,,,,xxxxxxxxxxxxxxxxxxxxxxxxxxCCCCCCCCCGCCGCCCCCCCCCCCCCCCxxxxxxxxxx
Slovenia,SV,359,178271,Percentage of Population Covered by at least a 3G Mobile Network,% of population,,,,,,,,,,,,,,,,,,,,,,,,,,,27.40023624,39.70835643,51.72687543,62.95287467,72.3,72.9,73.6,84.6,90.6,91.4,92.3,99.4,99.5,100,100,100,100,100,100,100,100,100,100,100,100,100,100,100,,,,,,,,,,,xxxxxxxxxxxxxxxxxxxxxxxxxxCCCCGGGGGGGGGCCCCCCCCCCCCCCCxxxxxxxxxx
Botswana,SW,360,178271,Percentage of Population Covered by at least a 3G Mobile Network,% of population,,,,,,,,,,,,,,,,,,,,,,,,,,,0,0,0,0,0,7.517770534,18.18430998,29.5553505,40,45,60.23578338,78,92,94.81662677,96.38658156,97.33201225,97.92627747,98.30787724,99.21954232,99.30461337,99.37728669,99.44033173,99.49573122,99.54494708,99.58908388,99.62899366,100,100,,,,,,,,,,,xxxxxxxxxxxxxxxxxxxxxxxxxxCCCCCCCCGGCGGCCCCCCCCCCCCCCCxxxxxxxxxx
Syria,SY,361,178271,Percentage of Population Covered by at least a 3G Mobile Network,% of population,,,,,,,,,,,,,,,,,,,,,,,,,,,0,0,0,0,0,0,0.2,0.5,13,13,26,48.02342732,70,76.63735324,82.68459144,87.34436863,90.65093022,93.24212733,95.06711993,96.94164789,97.67714433,98.1804819,98.500979,98.73053271,98.90745853,99.04825976,99.16206693,99.25621273,,,,,,,,,,,xxxxxxxxxxxxxxxxxxxxxxxxxxCCCCCCGGGGGCGCCCCCCCCCCCCCCCxxxxxxxxxx
Swaziland,SZ,362,178271,Percentage of Population Covered by at least a 3G Mobile Network,% of population,,,,,,,,,,,,,,,,,,,,,,,,,,,0,0,0,0,0,0,0,0,61,71,79.15307616,85.46974161,89.51529082,92.65677609,95.29745428,96.76199185,97.63304819,98.17177594,98.51200052,99.39378237,99.45476391,99.5085046,99.55636498,99.59937868,99.63834677,100,100,100,,,,,,,,,,,xxxxxxxxxxxxxxxxxxxxxxxxxxCCCCCCGGGGCCCCCCCCCCCCCCCCCCxxxxxxxxxx
Thailand,TH,364,178271,Percentage of Population Covered by at least a 3G Mobile Network,% of population,,,,,,,,,,,,,,,,,,,,,,,,,,,0,0,0.976106303,4.271152018,9.652248888,19.59348374,33.72586344,50.90966963,66.85128718,74.3558754,80,97,97,97.71851429,98.20728437,98.51918448,98.74425015,98.918265,99.05694144,99.16916863,99.26216235,99.34086903,99.40862903,99.46779165,99.520064,99.56672028,99.60873331,100,,,,,,,,,,,xxxxxxxxxxxxxxxxxxxxxxxxxxCCCCCCCCCCGGGCCCCCCCCCCCCCCCxxxxxxxxxx
Turkmenistan,TM,366,178271,Percentage of Population Covered by at least a 3G Mobile Network,% of population,,,,,,,,,,,,,,,,,,,,,,,,,,,0,0,0,0,0,1.385788772,4.254766152,9.287772437,16.87911528,26.78325888,37.17429614,48.15127312,58.86675265,68.07184757,76.09092748,82.11282919,87.11766894,91.16748567,93.81438736,95.48677059,96.6154569,98.09897727,98.44691168,98.69017021,98.87579312,99.02286455,99.14137012,99.23892329,,,,,,,,,,,xxxxxxxxxxxxxxxxxxxxxxxxxxCCCCCCCCCCCCCCCCCCCCCCCCCCCCxxxxxxxxxx
Togo,TO,367,178271,Percentage of Population Covered by at least a 3G Mobile Network,% of population,,,,,,,,,,,,,,,,,,,,,,,,,,,0,0,0,0,0,0,0,0,14,23,31.7212266,40.32297889,50,60.67657807,70.74108515,78.94030778,85.31883166,89.41378326,92.58374582,95.23641045,96.70628345,97.58485386,98.12998862,98.47552222,99.36013344,99.42537189,99.48252666,99.53317135,,,,,,,,,,,xxxxxxxxxxxxxxxxxxxxxxxxxxCCCCCCCGGGCCGCCCCCCCCCCCCCCCxxxxxxxxxx
Turkey,TR,368,178271,Percentage of Population Covered by at least a 3G Mobile Network,% of population,,,,,,,,,,,,,,,,,,,,,,,,,,,0,0,0,0,0,0,3.656197459,13.499806,27.69897695,44.33269625,62.01473382,79.37885929,95.03,96.5261086,97.43160577,98.00029305,98.36458313,99.25915288,99.33829884,99.40639992,99.46583332,99.51832463,99.56516074,99.60732338,100,100,100,100,,,,,,,,,,,xxxxxxxxxxxxxxxxxxxxxxxxxxCCCCGGCCCCCCGCCCCCCCCCCCCCCCxxxxxxxxxx
Trinidad and Tobago,TT,370,178271,Percentage of Population Covered by at least a 3G Mobile Network,% of population,,,,,,,,,,,,,,,,,,,,,,,,,,,0,0,4.50882519,14.75210934,26.77801184,38.4442062,48.60877102,58.61104744,67.66515947,75,75,75,75,82.33484053,88.03708832,91.53489376,94.40771047,96.71603419,97.89652696,98.58098201,98.98342982,99.21933052,100,100,100,100,100,100,,,,,,,,,,,xxxxxxxxxxxxxxxxxxxxxxxxxxCCCCCCCCCGGGGCCCCCCCCCCCCCCCxxxxxxxxxx
Tunisia,TU,371,178271,Percentage of Population Covered by at least a 3G Mobile Network,% of population,,,,,,,,,,,,,,,,,,,,,,,,,,,0,2.490504339,11.97585024,23.80757393,35.79255611,46.18318256,56.30126396,65,83,84,87,90,94,96.16178276,97.30974402,98.00066184,98.4293748,99.44285815,99.49796481,99.54694176,99.59088086,99.63062507,100,100,100,100,100,100,,,,,,,,,,,xxxxxxxxxxxxxxxxxxxxxxxxxxCCCCCCCGGGGGGCCCCCCCCCCCCCCCxxxxxxxxxx
Taiwan,TW,373,178271,Percentage of Population Covered by at least a 3G Mobile Network,% of population,,,,,,,,,,,,,,,,,,,,,,,,,,,29.9409162,42.90878828,55.60380292,66.9223583,76,85,90,93,96,98,99,100,100,100,100,100,100,100,100,100,100,100,100,100,100,100,100,100,,,,,,,,,,,xxxxxxxxxxxxxxxxxxxxxxxxxxCCCCGGGGGGGGGCCCCCCCCCCCCCCCxxxxxxxxxx
Tanzania,TZ,374,178271,Percentage of Population Covered by at least a 3G Mobile Network,% of population,,,,,,,,,,,,,,,,,,,,,,,,,,,4.478207152,10.7693617,18.51122762,28.69553947,39.69453583,48.81120459,65.15707246,70,80,85,85,85,85,89.28657182,92.79029153,95.19000253,96.55169039,97.3750926,97.90164706,98.96144533,99.09169777,99.19773283,99.28618054,99.36143632,99.42650646,99.48352683,99.53406231,99.57928907,,,,,,,,,,,xxxxxxxxxxxxxxxxxxxxxxxxxxCCCCCCCGGGGGGCCCCCCCCCCCCCCCxxxxxxxxxx
United Arab Emirates,UA,375,178271,Percentage of Population Covered by at least a 3G Mobile Network,% of population,,,,,,,,,,,,,,,,,,,,,,,,,,,45.85415549,61.3865249,71.69465511,78.94321861,84.03233064,87.64075936,94.83962639,100,100,100,100,100,100,100,100,100,100,100,100,100,100,100,100,100,100,100,100,100,,,,,,,,,,,xxxxxxxxxxxxxxxxxxxxxxxxxxCCCCCCCGGGGGGCCCCCCCCCCCCCCCxxxxxxxxxx
Uganda,UG,376,178271,Percentage of Population Covered by at least a 3G Mobile Network,% of population,,,,,,,,,,,,,,,,,,,,,,,,,,,0,0,0,0,6.331435286,18.89253238,30.93191849,42,42,45,42.25,40,45,55.56024413,65.69050474,75.04129107,82.36532916,88.05966177,91.55165363,94.42243729,96.72470193,97.90143525,98.58383264,98.98509178,99.22031541,100,100,100,,,,,,,,,,,xxxxxxxxxxxxxxxxxxxxxxxxxxCCCCCCCGGGCGGCCCCCCCCCCCCCCCxxxxxxxxxx
Ukraine,UK,377,178271,Percentage of Population Covered by at least a 3G Mobile Network,% of population,,,,,,,,,,,,,,,,,,,,,,,,,,,0,0,0,0,0,0.5,0.8,1.4,1.7,2.2,1.7,16.20625,35,47.07634221,57.35953224,67.43924262,76.5308924,83.48440033,88.8218791,92.15163984,94.9545503,97.01533625,98.07281251,98.68450324,99.04380367,100,100,100,,,,,,,,,,,xxxxxxxxxxxxxxxxxxxxxxxxxxCCCCCGGGGGGCGCCCCCCCCCCCCCCCxxxxxxxxxx
USA,US,380,178271,Percentage of Population Covered by at least a 3G Mobile Network,% of population,,,,,,,,,,,,,,,,,,,,,,,,,,,33.14189229,48.41143765,61.87844815,73.23317599,82,92,98.1,98.5,89.6,99.5,99.77905289,99.88042245,99.9,100,100,100,100,100,100,100,100,100,100,100,100,100,100,100,,,,,,,,,,,xxxxxxxxxxxxxxxxxxxxxxxxxxCCCCGGGGGGCCGCCCCCCCCCCCCCCCxxxxxxxxxx
Uruguay,UY,382,178271,Percentage of Population Covered by at least a 3G Mobile Network,% of population,,,,,,,,,,,,,,,,,,,,,,,,,,,0,0,8.295345667,19.34049635,31.39415078,42.39261604,52.50659513,62.23528739,70.68280262,77.43682782,82.95727539,86.86306034,90,93.13693966,95.80533507,97.42978506,98.31377777,98.82724323,99.12728792,100,100,100,100,100,100,100,100,100,,,,,,,,,,,xxxxxxxxxxxxxxxxxxxxxxxxxxCCCCCCCCCCCCGCCCCCCCCCCCCCCCxxxxxxxxxx
Uzbekistan,UZ,383,178271,Percentage of Population Covered by at least a 3G Mobile Network,% of population,,,,,,,,,,,,,,,,,,,,,,,,,,,0,0,0,0,0,0.401743363,8.903066299,19.35477666,30.13135641,40,30.46372798,26.6,44,54.5953353,64.70800263,74.10335818,81.52954828,87.31250447,90.89154421,93.81645441,96.20329691,97.44994232,98.18644319,98.97155432,99.21229678,100,100,100,,,,,,,,,,,xxxxxxxxxxxxxxxxxxxxxxxxxxCCCCCCCCCGCGGCCCCCCCCCCCCCCCxxxxxxxxxx
Venezuela,VE,384,178271,Percentage of Population Covered by at least a 3G Mobile Network,% of population,,,,,,,,,,,,,,,,,,,,,,,,,,,1.281885242,8.867785402,18.63482615,29.37759881,40.59534548,51.46387617,62.20046657,72.14233837,79.9710788,86.10773245,89.95196428,93.05897815,95.53190781,96.85619554,97.66324281,98.16893358,98.4927186,99.3431676,99.4106235,99.46954453,99.52162141,99.5681171,99.60999644,100,100,100,100,100,,,,,,,,,,,xxxxxxxxxxxxxxxxxxxxxxxxxxCCCCCCCCCCCCCCCCCCCCCCCCCCCCxxxxxxxxxx
Vietnam,VN,387,178271,Percentage of Population Covered by at least a 3G Mobile Network,% of population,,,,,,,,,,,,,,,,,,,,,,,,,,,0,1.77276676,8.484299751,16.74089585,26.08140543,36.06064977,45.30247781,54.94769534,64.24417076,72.17195117,78.99391143,84.36868806,89.44280231,92.91432406,94.96203556,96.3054696,97.18201174,98.44754665,98.69064084,98.87616115,99.02315931,99.14160968,99.23912299,99.32123172,99.39162567,99.45287445,99.50683038,99.55486693,,,,,,,,,,,xxxxxxxxxxxxxxxxxxxxxxxxxxCCCCCCCCCCCCCCCCCCCCCCCCCCCCxxxxxxxxxx
Vanuatu,VT,388,178271,Percentage of Population Covered by at least a 3G Mobile Network,% of population,,,,,,,,,,,,,,,,,,,,,,,,,,,0,0,0,0,0,0,3.204811838,12.01797414,23,24,24.4,34.47923215,51,61.7034398,71.66286228,79.62391671,85.84582318,89.75462959,92.8741081,95.42943619,96.8094747,97.64420007,98.16464607,98.49601373,99.36013344,99.42537189,99.48252666,99.53317135,,,,,,,,,,,xxxxxxxxxxxxxxxxxxxxxxxxxxCCCCCCCCGGGCGCCCCCCCCCCCCCCCxxxxxxxxxx
Seychelles,YC,391,178271,Percentage of Population Covered by at least a 3G Mobile Network,% of population,,,,,,,,,,,,,,,,,,,,,,,,,,,25.41256806,38.42148597,51.39567351,61.99004867,70.53876303,77.56272622,82.75986136,86.65196569,90,90,90,90,90,93.1446712,95.55389439,96.84730824,97.6399638,98.13999002,99.21954232,99.30461337,99.37728669,99.44033173,99.49573122,99.54494708,99.58908388,99.62899366,100,100,,,,,,,,,,,xxxxxxxxxxxxxxxxxxxxxxxxxxCCCCCCCCGGGGGCCCCCCCCCCCCCCCxxxxxxxxxx
South Africa,ZA,393,178271,Percentage of Population Covered by at least a 3G Mobile Network,% of population,,,,,,,,,,,,,,,,,,,,,,,,,,,19.704265,31.40971971,41.79348623,52.18985911,63.28390926,71.49813482,78.09443029,83.39612602,87.12474415,90.2012616,92.89189431,95,98,98.35281306,99.22350193,99.30796867,99.38017805,99.44285815,99.49796481,99.54694176,99.59088086,99.63062507,100,100,100,100,100,100,,,,,,,,,,,xxxxxxxxxxxxxxxxxxxxxxxxxxCCCCCCCCCCCGGCCCCCCCCCCCCCCCxxxxxxxxxx
Zambia,ZB,394,178271,Percentage of Population Covered by at least a 3G Mobile Network,% of population,,,,,,,,,,,,,,,,,,,,,,,,,,,0,0,0,0,0,0,1.875,15,40,55.8781362,48.06810036,42,53,63.71060145,73.41497513,80.93944643,86.78763632,90.47173914,93.50806978,95.79261816,97.01913015,97.76669702,98.23615192,99.28466241,99.36013344,99.42537189,99.48252666,99.53317135,,,,,,,,,,,xxxxxxxxxxxxxxxxxxxxxxxxxxCCCCGGCGGCCGGCCCCCCCCCCCCCCCxxxxxxxxxx
"Congo, Democratic Republic",ZI,395,178271,Percentage of Population Covered by at least a 3G Mobile Network,% of population,,,,,,,,,,,,,,,,,,,,,,,,,,,0,0,0,0,0,0,0,0,0,20,20,20,20,30.13975153,40.76804062,51.79331037,62.03794236,70.80807463,77.96665035,83.69797905,88.48871104,91.99167861,94.32486262,95.815519,96.82947231,98.17433739,98.49683427,98.72741842,,,,,,,,,,,xxxxxxxxxxxxxxxxxxxxxxxxxxCCCCCCGGGGGGGCCCCCCCCCCCCCCCxxxxxxxxxx
Zimbabwe,ZW,397,178271,Percentage of Population Covered by at least a 3G Mobile Network,% of population,,,,,,,,,,,,,,,,,,,,,,,,,,,0,0,0,0,0,0,0,5,15,35,52,53,55.1,65.70520868,74.97411853,82.34063516,87.36678882,91.09451737,94.18493577,96.00416766,97.06904886,97.73550918,98.16490948,99.12570026,99.22588268,99.30998735,99.38191851,99.44437961,,,,,,,,,,,xxxxxxxxxxxxxxxxxxxxxxxxxxCCCCCCCGGGGGGCCCCCCCCCCCCCCCxxxxxxxxxx
Serbia,RS,408,178271,Percentage of Population Covered by at least a 3G Mobile Network,% of population,,,,,,,,,,,,,,,,,,,,,,,,,,,3.329561664,12.873752,24.11796248,35.9894847,46.11296794,55.85,63.15,68.93,76.36,90.4,99.71,97.16,97.29,98.37311529,98.86204839,99.14772114,100,100,100,100,100,100,100,100,100,100,100,100,,,,,,,,,,,xxxxxxxxxxxxxxxxxxxxxxxxxxCCCCCGGGGGGGGCCCCCCCCCCCCCCCxxxxxxxxxx
Montenegro,ME,469,178271,Percentage of Population Covered by at least a 3G Mobile Network,% of population,,,,,,,,,,,,,,,,,,,,,,,,,,,0.881142118,9.576242895,21.1772984,33.15021765,43.73478856,53.76510466,63.87638212,72,79.56404827,87.83513819,94.47849904,97.2,97.2,98.01697164,98.51054296,98.81319651,100,100,100,100,100,100,100,100,100,100,100,100,,,,,,,,,,,xxxxxxxxxxxxxxxxxxxxxxxxxxCCCCCCCGCCCGGCCCCCCCCCCCCCCCxxxxxxxxxx
South Sudan,SN,525,178271,Percentage of Population Covered by at least a 3G Mobile Network,% of population,,,,,,,,,,,,,,,,,,,,,,,,,,,0,0,0,0,0,0,0,1.623130362,5.266227019,10.55675135,17,18.32,20,30.13975153,40.76804062,51.79331037,62.03794236,70.80807463,77.96665035,83.69797905,88.48871104,91.99167861,94.32486262,95.815519,96.82947231,98.17433739,98.49683427,98.72741842,,,,,,,,,,,xxxxxxxxxxxxxxxxxxxxxxxxxxCCCCCCCCCCGCGCCCCCCCCCCCCCCCxxxxxxxxxx
